country.b,country.a,exp.comp,imp.comp,statea,stateb,year,dispnum3,endyear,hiact,hostlev,outcome,fatality,victor,loser,is.war,pb.exps,pb.imps,delta.exp.comp,delta.imp.comp
Fm USSR,USA,0.10934700689102106,0.09679938704390344,2,365,1962,61,1962,13,Use of force,4,0,1,0,1,0.10459782780912755,0.05488720323277075,-0.004749179081893512,-0.04191218381113269
Cuba,USA,-4.2241110997250776e-5,0.024488409675515445,2,40,1962,61,1962,13,Use of force,4,0,1,0,1,7.253750184858552e-5,0.03235927150098854,1.1477861284583628e-4,0.007870861825473092
Benin,Niger,0.3077716162728875,0.7177652350232545,436,434,1963,1407,1964,0,No militarized action,3,0,1,0,1,0.019728615345915478,0.8520711872470734,-0.28804300092697205,0.13430595222381891
Gabon,"France,Monac",0.006926139875756792,0.06429167211918803,220,481,1964,92,1964,17,Use of force,1,2,1,0,1,0.0061360784868900835,0.05123893421433819,-7.900613888667087e-4,-0.013052737904849836
Thailand,Cambodia,0.3823767818280309,0.41636035372040475,811,800,1964,1229,1966,17,Use of force,4,3,1,0,1,0.391640082304721,0.24812211719623728,0.009263300476690106,-0.16823823652416747
Jordan,Israel,0.01062548883613716,0.07281934014015848,666,663,1966,1035,1967,20,War,2,6,1,0,1,0.006521484207819871,0.06224136702130335,-0.004104004628317289,-0.010577973118855132
Portugal,UK,0.025047387118018488,0.18645194231773168,200,235,1966,3135,1966,7,Display of force,4,0,1,0,1,0.044566338111455425,0.15772614068828877,0.019518950993436937,-0.02872580162944291
Guinea,Ghana,0.052048739037616434,0.2690747886076734,452,438,1966,1351,1966,0,No militarized action,3,1,1,0,1,0.00506065670814386,0.0760309352272742,-0.046988082329472575,-0.19304385338039923
Guinea,Cote Divoire,0.24570359427457153,0.2509508772782194,437,438,1966,1351,1966,17,Use of force,3,1,1,0,1,0.07608979631824833,0.13806548528807444,-0.1696137979563232,-0.11288539199014497
Syria,Israel,9.368582943321881e-4,0.13217243726448247,666,652,1966,1035,1967,20,War,2,6,1,0,1,0.0017984945128576642,0.041516537707520604,8.616362185254761e-4,-0.09065589955696186
Iraq,Israel,-8.34060441204704e-5,0.04366021138890155,666,645,1966,1035,1967,20,War,2,6,1,0,1,-1.5712415875087111e-4,0.027240910050898477,-7.371811463040071e-5,-0.01641930133800307
Kuwait,Israel,1.6454786311989435e-4,0.053728330921263404,666,690,1966,1035,1967,20,War,2,6,1,0,1,2.477042054614369e-4,0.04839175138873636,8.315634234154254e-5,-0.005336579532527044
Saudi Arabia,Israel,-2.20306298578211e-4,0.0678047658934126,666,670,1966,1035,1967,20,War,2,6,1,0,1,-7.459777249245168e-5,0.055058973879711474,1.4570852608575933e-4,-0.012745792013701122
Czechoslovakia,Bulgaria,0.16621573011127233,0.3409542188874178,355,315,1968,346,1968,14,Use of force,1,0,1,0,1,0.21217255771937546,0.43377641086842955,0.04595682760810313,0.09282219198101177
Czechoslovakia,German Democratic Republic,0.2637821664634257,0.3953009164163319,265,315,1968,346,1968,14,Use of force,1,0,1,0,1,0.20467390672739474,0.30064447696174573,-0.05910825973603098,-0.09465643945458618
Czechoslovakia,Hungary,0.4455555061549907,0.5719116648287069,310,315,1968,346,1968,14,Use of force,1,0,1,0,1,0.4600072143995376,0.5220315288322642,0.014451708244546946,-0.0498801359964427
Czechoslovakia,Poland,0.3067686725317766,0.5320568747134021,290,315,1968,346,1968,14,Use of force,1,0,1,0,1,0.3066728923344505,0.5667404035480689,-9.578019732608967e-5,0.034683528834666744
Czechoslovakia,Fm USSR,0.20506393110654694,0.4523995104131984,365,315,1968,346,1968,14,Use of force,1,0,1,0,1,0.1662433045514769,0.5438672606545943,-0.03882062655507004,0.09146775024139592
Thailand,Cambodia,0.19296040031404565,0.22563787346726163,811,800,1970,1605,1970,0,No militarized action,3,0,1,0,1,0.14381545694042847,0.21983825324216252,-0.04914494337361719,-0.005799620225099111
Pakistan,India,0.319250631794141,0.5391192692778616,750,770,1971,1447,1971,20,War,2,6,1,0,1,0.1057216797706046,0.17405130321749626,-0.2135289520235364,-0.3650679660603653
Romania,Czechoslovakia,0.3377778151823145,0.4335452324759063,315,360,1971,1718,1971,7,Display of force,4,0,1,0,1,0.3435489915098432,0.47919273652563993,0.005771176327528715,0.04564750404973361
Romania,Hungary,0.4728543541219659,0.3660480077446787,310,360,1971,1718,1971,7,Display of force,4,0,1,0,1,0.6062274465090415,0.45678479020516166,0.13337309238707556,0.09073678246048295
Romania,Fm USSR,0.17853588636064177,0.3537456372666546,365,360,1971,1718,1971,7,Display of force,4,0,1,0,1,0.15118019459696894,0.3618938774152786,-0.027355691763672835,0.00814824014862403
Iraq,Kuwait,0.6408152454989197,0.1385870282594246,690,645,1972,1612,1973,17,Use of force,3,1,1,0,1,0.5077383647342769,0.21974461525188416,-0.13307688076464275,0.08115758699245956
UK,Iceland,0.015920901738267663,0.14838838009837751,395,200,1972,354,1973,16,Use of force,1,1,1,0,1,0.011028595744415294,0.051871975730805944,-0.00489230599385237,-0.09651640436757157
Syria,Israel,0.03966792679964839,0.05690326717335181,666,652,1973,3437,1974,16,Use of force,2,NA,1,0,1,0.08317051771728956,0.07406370579582666,0.04350259091764117,0.01716043862247485
Tanzania,Burundi,0.23162884445565898,0.026141058910238612,516,510,1973,1362,1973,17,Use of force,4,NA,1,0,1,0.2719830788731619,0.05882665116842869,0.04035423441750294,0.03268559225819008
Rwanda,Burundi,0.15925291123980864,0.4147434468244263,516,517,1973,1362,1973,17,Use of force,4,NA,1,0,1,0.7378399747420673,0.23384609840405737,0.5785870635022586,-0.18089734842036895
Greece,Turkey,0.28812109473443437,0.5563418424714223,640,350,1974,1293,1974,20,War,1,6,1,0,1,0.2057893835464286,0.24678906661254307,-0.08233171118800578,-0.3095527758588792
Cyprus,Turkey,0.014220579590072235,0.3163285915467777,640,352,1974,1293,1974,20,War,1,6,1,0,1,0.03736346892871736,0.6499650832028028,0.023142889338645122,0.33363649165602505
Viet Nam,China,0.0790905974437734,0.09400999204366463,710,817,1974,355,1974,17,Use of force,2,NA,1,0,1,0.059533578376868845,0.23329213421149206,-0.01955701906690456,0.13928214216782742
UK,Iceland,0.008472469746480577,0.047801364182766946,395,200,1975,619,1976,16,Use of force,1,0,1,0,1,0.011153451266121493,0.10134699361489269,0.002680981519640916,0.05354562943212574
"France,Monac",Libya,0.0013617958502672445,0.0955969064344749,620,220,1977,3631,1980,17,Use of force,1,NA,1,0,1,0.00175571215437919,0.07186051136590485,3.939163041119455e-4,-0.023736395068570046
Somalia,Ethiopia,0.03970906706153085,0.12646674220857793,530,520,1977,2069,1978,20,War,2,6,1,0,1,0.01577561896290528,0.06440071413927392,-0.02393344809862557,-0.062066028069304
Somalia,Cuba,0.0014562956954603655,0.017309674133862467,40,520,1977,2069,1978,20,War,2,6,1,0,1,3.1632503433269544e-5,0.02735081179956896,-0.001424663192027096,0.010041137665706492
Chad,Libya,-9.15030059161617e-5,0.11674210683175223,620,483,1977,3631,1980,17,Use of force,1,NA,1,0,1,-8.635140306811275e-5,0.06482689223759026,5.151602848048952e-6,-0.05191521459416197
USA,Fm USSR,0.1494749826335955,0.012319643743707514,365,2,1978,2223,1979,1,Threat to use force,4,0,1,0,1,0.05447114064335829,0.006188989353723878,-0.0950038419902372,-0.006130654389983636
Libya,Tanzania,-1.1182849490350473e-4,0.2695701041987539,510,620,1978,2141,1979,20,War,2,6,1,0,1,2.1628768117987166e-4,0.08496778574224889,3.281161760833764e-4,-0.184602318456505
Uganda,Tanzania,0.540070478257347,0.19457490443807954,510,500,1978,2141,1979,20,War,2,6,1,0,1,0.2419193225644631,0.06609885432728495,-0.29815115569288386,-0.1284760501107946
Iraq,Iran,0.544202839291617,0.364217804895043,630,645,1979,2115,1988,20,War,3,6,1,0,1,0.4703933615224671,0.5006260522034361,-0.07380947776914987,0.13640824730839313
Philippines,Malaysia,0.24970524187003607,0.5533688412098058,820,840,1980,3117,1980,7,Display of force,4,0,1,0,1,0.3081425144887684,0.4558002802110333,0.05843727261873233,-0.09756856099877248
Congo,Dem.Rp.Congo,0.06088659070360587,0.41322078374224586,490,484,1980,3121,1980,7,Display of force,4,0,1,0,1,0.25908138645342843,0.24912322281260596,0.19819479574982257,-0.1640975609296399
Iraq,Israel,-1.765657580497001e-4,0.10642461995982795,666,645,1981,3101,1981,12,Display of force,1,NA,1,0,1,-2.3537221805680007e-4,0.1540245312503803,-5.880646000709996e-5,0.04759991129055234
Argentina,UK,0.014259797992577325,0.2601097488695351,200,160,1982,3077,1982,7,Display of force,4,0,1,0,1,0.018975547346447425,0.18145080004431283,0.0047157493538701,-0.07865894882522226
Argentina,UK,0.014259797992577325,0.2601097488695351,200,160,1982,3630,1982,20,War,2,6,1,0,1,0.018975547346447425,0.18145080004431283,0.0047157493538701,-0.07865894882522226
Israel,Lebanon,0.02404144870048978,0.13328419994247723,660,666,1982,3444,1985,20,War,2,6,1,0,1,0.06708456781967415,0.1333349068240758,0.04304311911918436,5.0706881598583387e-5
Egypt,Israel,0.003985778774884759,0.19302945372200764,666,651,1983,3384,1983,0,No militarized action,3,0,1,0,1,0.0023873545960820357,0.06185817981192851,-0.0015984241788027237,-0.13117127391007913
Cuba,USA,0.008529981776609295,0.002971381693124812,2,40,1983,3058,1983,14,Use of force,1,3,1,0,1,0.001520541114212486,0.02311196064769008,-0.007009440662396809,0.020140578954565266
Cuba,Barbados,-1.0704477964620144e-4,0.014435528717723425,53,40,1983,3058,1983,17,Use of force,1,3,1,0,1,0.0034078651372031095,0.005336296360906077,0.003514909916849311,-0.009099232356817349
Cuba,Jamaica,0.0017760638593646329,0.0763290277380755,51,40,1983,3058,1983,17,Use of force,1,3,1,0,1,0.0030721210455326494,0.033917667991517825,0.0012960571861680165,-0.04241135974655767
Libya,USA,-2.2441214346747407e-4,0.017305242378747466,2,620,1983,3072,1983,7,Display of force,3,0,1,0,1,3.8425983467323317e-4,0.3036105832585734,6.086719781407072e-4,0.2863053408798259
Libya,Sudan,5.237254954243206e-4,0.17166881425375524,625,620,1983,3072,1983,7,Display of force,3,0,1,0,1,5.918523162435978e-4,0.15362379223071315,6.81268208192773e-5,-0.01804502202304209
Libya,Egypt,0.7057396302785625,0.1856140313219501,651,620,1983,3072,1983,7,Display of force,3,0,1,0,1,0.7988864732872001,0.16243001150882094,0.09314684300863763,-0.023184019813129148
Libya,Sudan,5.918523162435978e-4,0.15362379223071315,625,620,1984,3051,1984,0,No militarized action,3,0,1,0,1,-3.522694719081035e-5,0.11905076926366807,-6.270792634344082e-4,-0.03457302296704508
Libya,Egypt,0.7988864732872001,0.16243001150882094,651,620,1984,3051,1984,8,Display of force,3,0,1,0,1,0.8125229334325325,0.1653229275543459,0.013636460145332374,0.002892916045524968
Libya,USA,3.8425983467323317e-4,0.3036105832585734,2,620,1984,3051,1984,1,Threat to use force,3,0,1,0,1,4.8248201961640757e-4,0.11790756876039123,9.82221849431744e-5,-0.18570301449818216
Iran,USA,-1.4433919965431885e-4,0.06492980696647925,2,630,1985,3625,1986,1,Threat to use force,3,0,1,0,1,4.7681627505885435e-5,0.11512767098998884,1.9202082716020428e-4,0.05019786402350959
Iran,Kuwait,0.47103699799912535,0.15201453485986255,690,630,1985,3625,1986,8,Display of force,3,0,1,0,1,0.6554706279207442,0.12555428777793645,0.18443362992161882,-0.026460247081926097
Iran,Saudi Arabia,0.7557998963066621,0.14139235404420308,670,630,1985,3625,1986,1,Threat to use force,3,0,1,0,1,0.8386465477081221,0.19113683034215004,0.08284665140145997,0.049744476297946955
Iran,UK,0.3527241449952035,0.12891179152739596,200,630,1985,3625,1986,1,Threat to use force,3,0,1,0,1,0.34695890393411916,0.18961417875685727,-0.005765241061084336,0.06070238722946131
Libya,USA,-4.004067996481612e-4,0.10508588399515952,2,620,1986,3636,1986,16,Use of force,3,NA,1,0,1,-4.992841664969012e-4,0.09845547225873875,-9.887736684874006e-5,-0.00663041173642076
Sri Lanka,India,0.22221211478317568,0.16943882547381858,750,780,1987,2778,1987,7,Display of force,4,0,1,0,1,0.2201820967918255,0.2217712236697379,-0.0020300179913501915,0.05233239819591931
Panama,USA,0.008748529336550225,0.020194903878675785,2,95,1989,3901,1989,16,Use of force,2,3,1,0,1,0.020915402282111417,0.027736396642530258,0.012166872945561192,0.007541492763854473
Iraq,Morocco,-3.1389427003078885e-5,0.06739047551268679,600,645,1990,3957,1991,7,Display of force,2,6,1,0,1,NA,NA,NA,NA
Iraq,Egypt,0.23083531969603088,0.3906484283322952,651,645,1990,3957,1991,20,War,2,6,1,0,1,0.23731014468452877,0.010119174915089513,0.006474824988497885,-0.38052925341720567
Iraq,Niger,0.0010204291703787987,0.11993333648824202,436,645,1990,3957,1991,7,Display of force,2,6,1,0,1,-1.6968124789960494e-5,0.03079615026841179,-0.0010373972951687592,-0.08913718621983023
Iraq,Senegal,1.572352808240523e-4,0.19123262906386948,433,645,1990,3957,1991,7,Display of force,2,6,1,0,1,-5.867472010360814e-5,0.10438268211856166,-2.1591000092766044e-4,-0.08684994694530782
Iraq,Sierra Leone,-4.287993550792845e-5,0.196937592275152,451,645,1990,3957,1991,7,Display of force,2,6,1,0,1,-2.5677702747314694e-5,0.05602656101521996,1.7202232760613754e-5,-0.14091103125993204
Iraq,Canada,0.20859473874956935,0.19969804412902256,20,645,1990,3957,1991,20,War,2,6,1,0,1,-6.585082981138454e-5,9.740128544763863e-4,-0.20866058957938075,-0.1987240312745462
Iraq,USA,-8.680177953569089e-5,0.1472766834313023,2,645,1990,3957,1991,20,War,2,6,1,0,1,2.0014624233115032e-4,0.007742307418356694,2.869480218668412e-4,-0.1395343760129456
Iraq,Argentina,0.08107821410338938,0.04752102901823726,160,645,1990,3957,1991,7,Display of force,2,6,1,0,1,-1.7695677594678353e-4,0.0023009942348275023,-0.08125517087933616,-0.04522003478340975
Iraq,Saudi Arabia,0.7504266451780578,0.16119046332934575,670,645,1990,3957,1991,20,War,2,6,1,0,1,0.010403467847778436,0.01164390330399566,-0.7400231773302793,-0.14954656002535008
Iraq,Syria,0.1263762226864203,0.13450900504905544,652,645,1990,3957,1991,20,War,2,6,1,0,1,0.002093503765544106,0.07585785511473483,-0.12428271892087618,-0.05865114993432061
Iraq,United Arab Emirates,0.3470082367296915,0.22101857301336914,696,645,1990,3957,1991,16,Use of force,2,6,1,0,1,0.00021014811058613309,0.027553101148495636,-0.3467980886191054,-0.1934654718648735
Iraq,Turkey,0.1864223166764674,0.08435355598634987,640,645,1990,3957,1991,7,Display of force,2,6,1,0,1,-1.1804178773177948e-4,0.0025811047333972655,-0.18654035846419917,-0.08177245125295261
Iraq,Bangladesh,0.0011439678944130175,0.17104452300124579,771,645,1990,3957,1991,7,Display of force,2,6,1,0,1,-9.703503111411463e-5,0.027786063484796217,-0.001241002925527132,-0.14325845951644955
Iraq,Pakistan,3.8284792517029065e-4,0.10717393835679444,770,645,1990,3957,1991,7,Display of force,2,6,1,0,1,-1.5931074586649418e-4,0.0035533986353976236,-5.421586710367848e-4,-0.10362053972139681
Iraq,Belgium-Lux,4.2203031983306487e-4,0.08637713149944068,211,645,1990,3957,1991,7,Display of force,2,6,1,0,1,3.6673584024637854e-5,0.008139851399872068,-3.85356735808427e-4,-0.07823728009956861
Iraq,"France,Monac",4.877854458474582e-4,0.12308965469703795,220,645,1990,3957,1991,20,War,2,6,1,0,1,4.854824442988627e-4,0.0077723417181028345,-2.303001548595502e-6,-0.11531731297893512
Iraq,Greece,0.01050455312261465,0.12654637073634623,350,645,1990,3957,1991,7,Display of force,2,6,1,0,1,2.1436421830644257e-4,0.012258193715107248,-0.010290188904308207,-0.11428817702123897
Iraq,Italy,0.006836285495486163,0.09573257951019114,325,645,1990,3957,1991,20,War,2,6,1,0,1,2.928582144818462e-5,0.011507667636739615,-0.006806999674037978,-0.08422491187345152
Iraq,Netherlands,0.002763092110614783,0.13866364758927266,210,645,1990,3957,1991,7,Display of force,2,6,1,0,1,2.0728336047576296e-4,0.009841722323041969,-0.00255580875013902,-0.12882192526623068
Iraq,Spain,3.671668270107486e-4,0.11451517439473591,230,645,1990,3957,1991,7,Display of force,2,6,1,0,1,1.383574054186354e-4,0.01619419477478444,-2.288094215921132e-4,-0.09832097961995147
Iraq,UK,0.2606519008354915,0.10995060055741127,200,645,1990,3957,1991,20,War,2,6,1,0,1,0.0018194812839880312,0.0017697509184823716,-0.2588324195515035,-0.10818084963892889
Iraq,Australia,0.07720858516615789,0.11948628744440892,900,645,1990,3957,1991,16,Use of force,2,6,1,0,1,-8.761808003639628e-5,0.009615815803716628,-0.07729620324619428,-0.1098704716406923
Jordan,Morocco,0.0708015980111314,0.0644764303105209,600,663,1990,3957,1991,7,Display of force,2,6,1,0,1,NA,NA,NA,NA
Jordan,Egypt,0.0033940849679786568,0.469833355537786,651,663,1990,3957,1991,20,War,2,6,1,0,1,0.011993215022067936,0.30111181241939766,0.008599130054089278,-0.16872154311838833
Jordan,Niger,0.0027176253287781007,0.12885795955317916,436,663,1990,3957,1991,7,Display of force,2,6,1,0,1,5.777266114780363e-5,0.14614701470546299,-0.002659852667630297,0.017289055152283822
Jordan,Senegal,0.12906763181072706,0.067929481085115,433,663,1990,3957,1991,7,Display of force,2,6,1,0,1,0.13370389045805808,0.1383942653763004,0.004636258647331026,0.0704647842911854
Jordan,Sierra Leone,-3.819153324951062e-5,0.14350414446249354,451,663,1990,3957,1991,7,Display of force,2,6,1,0,1,4.8033818450109216e-4,0.2355930335286351,5.185297177506028e-4,0.09208888906614154
Jordan,Canada,0.006644436444508152,0.04195515945408907,20,663,1990,3957,1991,20,War,2,6,1,0,1,0.008308654774839087,0.08428947049614938,0.0016642183303309356,0.042334311042060306
Jordan,USA,0.019068884021599418,0.03790173715078538,2,663,1990,3957,1991,20,War,2,6,1,0,1,0.012497802382804036,0.11891615189533684,-0.006571081638795382,0.08101441474455146
Jordan,Argentina,0.0020994856338876814,0.03552441108152353,160,663,1990,3957,1991,7,Display of force,2,6,1,0,1,0.0026121765713804047,0.0946056558570497,5.126909374927233e-4,0.059081244775526176
Jordan,Saudi Arabia,8.163321282931934e-4,0.0584677538094919,670,663,1990,3957,1991,20,War,2,6,1,0,1,0.0027066399030947303,0.19283106479129727,0.001890307774801537,0.13436331098180537
Jordan,Syria,0.015130346210104532,0.08236501909537729,652,663,1990,3957,1991,20,War,2,6,1,0,1,0.013309507433427587,0.40314480313493656,-0.001820838776676945,0.32077978403955926
Jordan,United Arab Emirates,0.0010388440167391666,0.09950347994175139,696,663,1990,3957,1991,16,Use of force,2,6,1,0,1,0.0010765728521864519,0.23449514802857985,3.772883544728525e-5,0.13499166808682844
Jordan,Turkey,0.009135909563347712,0.08424489183648604,640,663,1990,3957,1991,7,Display of force,2,6,1,0,1,0.014603789159903542,0.08832210880123757,0.005467879596555831,0.004077216964751537
Jordan,Bangladesh,0.01659954083215839,0.12673027059093722,771,663,1990,3957,1991,7,Display of force,2,6,1,0,1,0.027313741784713477,0.1829498032907372,0.010714200952555087,0.056219532699799984
Jordan,Pakistan,0.005796492291456176,0.1203384748171385,770,663,1990,3957,1991,7,Display of force,2,6,1,0,1,0.004984627861724951,0.24625578157002231,-8.118644297312252e-4,0.12591730675288382
Jordan,Belgium-Lux,0.047224340457944707,0.048570039231559885,211,663,1990,3957,1991,7,Display of force,2,6,1,0,1,0.004426638157952121,0.10650659713579134,-0.042797702299992586,0.05793655790423146
Jordan,"France,Monac",0.026233611882244715,0.07658282020674681,220,663,1990,3957,1991,20,War,2,6,1,0,1,0.005256475414641332,0.1596720694570976,-0.020977136467603383,0.0830892492503508
Jordan,Greece,0.007720206920744259,0.08073496436898961,350,663,1990,3957,1991,7,Display of force,2,6,1,0,1,0.006958935039438965,0.1905884369401084,-7.612718813052935e-4,0.1098534725711188
Jordan,Italy,0.025281504015715554,0.0685349616032755,325,663,1990,3957,1991,20,War,2,6,1,0,1,0.008870134324604735,0.12371600412784245,-0.016411369691110816,0.055181042524566945
Jordan,Netherlands,0.018148466221366413,0.06477512801276625,210,663,1990,3957,1991,7,Display of force,2,6,1,0,1,0.006280615094806783,0.14757125737191693,-0.01186785112655963,0.08279612935915068
Jordan,Spain,0.026591791858898466,0.09206897796752843,230,663,1990,3957,1991,7,Display of force,2,6,1,0,1,0.0030883212333516377,0.16632624605531304,-0.023503470625546828,0.07425726808778461
Jordan,UK,0.012753300542100342,0.0871288060103707,200,663,1990,3957,1991,20,War,2,6,1,0,1,0.011003464156836349,0.15862457963934187,-0.0017498363852639937,0.07149577362897118
Jordan,Australia,0.004134908257667478,0.05628405454888583,900,663,1990,3957,1991,16,Use of force,2,6,1,0,1,0.004519277262052638,0.22530403166586965,3.843690043851596e-4,0.16901997711698383
Russian Fed,Georgia,0.20100979182060033,NA,372,365,1992,3561,1993,17,Use of force,2,2,1,0,1,0.019446040757683372,NA,-0.18156375106291694,NA
Yugoslavia,USA,0.03926805550627425,-0.0027160067112362144,2,345,1992,3551,1996,13,Use of force,1,0,1,0,1,0.005691370016140002,-0.003114975714386326,-0.03357668549013425,-3.9896900315011157e-4
Yugoslavia,Turkey,0.3268447448708467,-0.002254037433098092,640,345,1992,3551,1996,13,Use of force,1,0,1,0,1,0.14664186276683322,-0.00400068457625135,-0.18020288210401347,-0.0017466471431532575
Yugoslavia,Belgium-Lux,0.3216618512263365,-0.0028743070991146696,211,345,1992,3551,1996,13,Use of force,1,0,1,0,1,0.047940181012701144,-0.0036424301759982094,-0.27372167021363536,-7.681230768835398e-4
Yugoslavia,"France,Monac",0.21120934337894934,-0.004157038999555838,220,345,1992,3551,1996,13,Use of force,1,0,1,0,1,0.06042574506609942,-0.004921190914216281,-0.15078359831284993,-7.641519146604422e-4
Yugoslavia,Germany,0.24255355887918947,-0.003983920187460652,255,345,1992,3551,1996,13,Use of force,1,0,1,0,1,0.03058349459805757,-0.005242258508512463,-0.2119700642811319,-0.0012583383210518105
Yugoslavia,Greece,0.2225151207357144,-0.0028259743209797026,350,345,1992,3551,1996,13,Use of force,1,0,1,0,1,0.11355127923278777,-0.004010268052654874,-0.10896384150292662,-0.0011842937316751717
Yugoslavia,Italy,0.4152773308666228,-0.0027301484237661636,325,345,1992,3551,1996,13,Use of force,1,0,1,0,1,0.062265878387555075,-0.003663937346560632,-0.3530114524790677,-9.337889227944685e-4
Yugoslavia,Netherlands,0.13047057930016548,-0.00465408876623266,210,345,1992,3551,1996,13,Use of force,1,0,1,0,1,0.049163200031673716,-0.004483863743470277,-0.08130737926849177,1.7022502276238267e-4
Yugoslavia,Spain,0.5269127792142648,-0.0032315010044611475,230,345,1992,3551,1996,13,Use of force,1,0,1,0,1,0.03385484453103563,-0.0038656596335520607,-0.4930579346832292,-6.341586290909132e-4
Yugoslavia,UK,0.2375255667919971,-0.004179446036951954,200,345,1992,3551,1996,13,Use of force,1,0,1,0,1,0.030621795417654002,-0.003966346548882765,-0.2069037713743431,2.1309948806918968e-4
El Salvador,Honduras,0.4521160165490325,0.32773159873003854,91,92,1993,4010,1993,11,Display of force,1,0,1,0,1,0.5132134483246452,0.4059709014568569,0.06109743177561272,0.07823930272681834
Belgium-Lux,Dem.Rp.Congo,0.024083463497691145,0.09039502463593128,490,211,1993,4032,1993,1,Threat to use force,4,0,1,0,1,0.010747586046368959,0.09062762725189448,-0.013335877451322186,2.3260261596319554e-4
Haiti,Canada,0.02003957582317097,0.032456578947162744,20,41,1993,4016,1994,13,Use of force,1,0,1,0,1,0.0759066648787718,0.15779955406205531,0.05586708905560084,0.12534297511489256
Haiti,USA,-0.0014230807694519778,0.015535919069619692,2,41,1993,4016,1994,13,Use of force,1,0,1,0,1,-7.691555990137802e-4,0.08309993089001638,6.539251704381976e-4,0.06756401182039669
Haiti,Argentina,0.010179399846946772,0.02319811972887306,160,41,1993,4016,1994,13,Use of force,1,0,1,0,1,0.014753917726190282,0.07997110556475275,0.00457451787924351,0.05677298583587968
Haiti,"France,Monac",0.010167528599183009,0.021008194928087014,220,41,1993,4016,1994,13,Use of force,1,0,1,0,1,0.027574553659788666,0.03348010157023053,0.01740702506060566,0.012471906642143513
Haiti,Netherlands,0.0070472666016722415,0.028327387111009815,210,41,1993,4016,1994,13,Use of force,1,0,1,0,1,0.031953626079561835,0.056899416354008164,0.024906359477889592,0.02857202924299835
Haiti,UK,0.0167872061977452,0.019584726360070134,200,41,1993,4016,1994,13,Use of force,1,0,1,0,1,0.055859178321200346,0.053106503776496713,0.039071972123455145,0.033521777416426576
Dem.Rp.Congo,Zambia,0.03392093466507441,0.17070697349127215,551,490,1994,4307,1994,0,No militarized action,3,0,1,0,1,0.033990054842144006,0.10796960709440091,6.9120177069594e-5,-0.06273736639687123
Latvia,Russian Fed,0.075636390229199435,NA,365,367,1994,4103,1994,8,Display of force,4,0,1,0,1,0.06318181237098312,NA,-0.012454577858216312,NA
Spain,Canada,0.019117936137941775,0.0878896399894305,20,230,1995,4031,1995,16,Use of force,1,0,1,0,1,0.018822305107745373,0.08757975834843552,-2.95631030196402e-4,-3.098816409949773e-4
Croatia,Yugoslavia,0.004455419984804381,0.10335788644056902,345,344,1995,4100,1995,7,Display of force,1,0,1,0,1,0.20116040600918797,-0.0048616253041559865,0.19670498602438358,-0.10821951174472501
Japan,Russian Fed,0.004490323431233028,0.06654410291039056,365,740,1996,4297,1996,15,Use of force,4,0,1,0,1,0.004296102988384634,0.0584173044724033,-1.9422044284839353e-4,-0.008126798437987262
Thailand,Myanmar,0.08741190058976887,0.15455332644975095,775,800,1996,4003,1996,11,Display of force,1,0,1,0,1,0.08835060677658668,0.08267037101423498,9.387061868178087e-4,-0.07188295543551597
Iraq,USA,-9.321719229940458e-5,0.0025095793678887902,2,645,1996,4271,1996,16,Use of force,4,NA,1,0,1,7.052735852690691e-4,0.008915771301886262,7.984907775684736e-4,0.006406191933997472
Iraq,Kuwait,0.06310246217235017,0.006822640822531609,690,645,1996,4271,1996,8,Display of force,4,NA,1,0,1,0.30267979329402467,0.01349754276946358,0.2395773311216745,0.00667490194693197
Iraq,UK,-4.013424515033844e-4,0.004471436175706761,200,645,1996,4271,1996,16,Use of force,4,NA,1,0,1,0.20674943088024578,0.017911831593689812,0.20715077333174917,0.013440395417983052
Congo,Angola,0.6925846827836695,0.14238818362397332,540,484,1997,4246,1997,17,Use of force,1,NA,1,0,1,0.6522945553650497,0.3760761288705051,-0.040290127418619814,0.2336879452465318
Sierra Leone,Ghana,0.17055558360047707,0.08039392087040302,452,451,1997,4251,1998,14,Use of force,1,NA,1,0,1,0.20560983932734742,0.039340234625662183,0.03505425572687035,-0.04105368624474084
Sierra Leone,Nigeria,2.915292717938594e-4,0.06506713739402549,475,451,1997,4251,1998,17,Use of force,1,NA,1,0,1,9.191002744917876e-4,0.07039231985375892,6.275710026979282e-4,0.00532518245973343
Sierra Leone,Guinea,0.503637051423521,0.19407745908515742,438,451,1997,4251,1998,14,Use of force,1,NA,1,0,1,0.4473297486781119,0.11895933209224188,-0.05630730274540907,-0.07511812699291553
Iran,USA,0.006731850262100429,0.03780691985672998,2,630,1997,4216,1997,7,Display of force,4,0,1,0,1,0.0031557415075322962,0.0545525980197126,-0.003576108754568133,0.01674567816298262
Iraq,USA,7.052735852690691e-4,0.008915771301886262,2,645,1997,4273,2003,20,War,1,6,1,0,1,NA,NA,NA,NA
Iraq,UK,0.20674943088024578,0.017911831593689812,200,645,1997,4273,2003,20,War,1,6,1,0,1,NA,NA,NA,NA
Syria,Turkey,0.035682514221427944,0.19757213435844015,640,652,1998,4291,1998,7,Display of force,1,0,1,0,1,0.042228217672946704,0.0812646673680036,0.00654570345151876,-0.11630746699043655
Yugoslavia,Canada,0.0025175083016491877,-0.0016261222947269265,20,345,1998,4137,1999,16,Use of force,1,5,1,0,1,NA,NA,NA,NA
Yugoslavia,USA,0.00435179544678968,-0.002813584470872659,2,345,1998,4137,1999,16,Use of force,1,5,1,0,1,NA,NA,NA,NA
Yugoslavia,Turkey,0.14606997191962245,-0.004090205447481733,640,345,1998,4137,1999,16,Use of force,1,5,1,0,1,NA,NA,NA,NA
Yugoslavia,Belgium-Lux,0.05964265969262232,-0.0033771609240646717,211,345,1998,4137,1999,16,Use of force,1,5,1,0,1,NA,NA,NA,NA
Yugoslavia,Denmark,0.04846904323513154,-0.004481250637661922,390,345,1998,4137,1999,16,Use of force,1,5,1,0,1,NA,NA,NA,NA
Yugoslavia,"France,Monac",0.06048561948475222,-0.004327498072419115,220,345,1998,4137,1999,16,Use of force,1,5,1,0,1,NA,NA,NA,NA
Yugoslavia,Germany,0.02820107138034077,-0.0043827741119289556,255,345,1998,4137,1999,16,Use of force,1,5,1,0,1,NA,NA,NA,NA
Yugoslavia,Greece,0.11376207344123279,-0.0032695087468494273,350,345,1998,4137,1999,8,Display of force,1,5,1,0,1,NA,NA,NA,NA
Yugoslavia,Italy,0.06793740431202594,-0.0033433869780167377,325,345,1998,4137,1999,16,Use of force,1,5,1,0,1,NA,NA,NA,NA
Yugoslavia,Netherlands,0.04898420792978871,-0.004012792730726065,210,345,1998,4137,1999,16,Use of force,1,5,1,0,1,NA,NA,NA,NA
Yugoslavia,Portugal,0.05155638709376157,-0.002768788443643957,235,345,1998,4137,1999,16,Use of force,1,5,1,0,1,NA,NA,NA,NA
Yugoslavia,Spain,0.033695522143673266,-0.003242876579751729,230,345,1998,4137,1999,16,Use of force,1,5,1,0,1,NA,NA,NA,NA
Yugoslavia,UK,0.03377770679016246,-0.003668018712875888,200,345,1998,4137,1999,16,Use of force,1,5,1,0,1,NA,NA,NA,NA
Yugoslavia,Iceland,3.23212920353364e-4,-0.0022140850237321857,395,345,1998,4137,1999,8,Display of force,1,5,1,0,1,NA,NA,NA,NA
Yugoslavia,Norway,0.002993617357714276,-0.0038343726827018442,385,345,1998,4137,1999,16,Use of force,1,5,1,0,1,NA,NA,NA,NA
Yugoslavia,Poland,0.1910093848782426,-0.003989442595801802,290,345,1998,4137,1999,7,Display of force,1,5,1,0,1,NA,NA,NA,NA
Yugoslavia,Albania,0.1575084411805035,-0.0017933217566591874,339,345,1998,4137,1999,17,Use of force,1,5,1,0,1,NA,NA,NA,NA
UK,Russian Fed,0.1275313204749989,0.08655177058106542,365,200,1999,4334,1999,0,No militarized action,3,0,1,0,1,NA,NA,NA,NA
